1,jose,12.120000,chefia
2,maria,12.000000,e
3,1,1.000000,1
4,1,1.000000,1
5,maria,12.000000,12
