1,jose,12.120000,chefia
2,maria,12.000000,e
5,maria,12.000000,12
